November 3, 2010
August 9, 2015
November 15, 2012
October 15, 2012
September 7, 2010
August 20, 2009
July 28, 2016
April 19, 2016
January 1, 2007
October 22, 2016
September 16, 2012
March 23, 2014
May 13, 2012
October 14, 2008
March 7, 2013
August 14, 2012
August 9, 2013
April 20, 2016
March 4, 2010
May 21, 2012
August 5, 2007
October 3, 2012
March 23, 2010
March 24, 2014
December 27, 2016
December 22, 2009
July 6, 2011
June 25, 2010
November 3, 2011
August 27, 2013
November 15, 2014
October 24, 2016
November 6, 2007
April 28, 2014
March 8, 2016
April 7, 2014
March 14, 2011
May 27, 2009
November 9, 2007
March 28, 2009
August 7, 2013
September 4, 2016
August 10, 2008
October 9, 2015
August 16, 2008
November 19, 2015
August 5, 2014
October 22, 2012
August 20, 2008
December 26, 2007
November 21, 2015
March 5, 2014
July 9, 2007
December 10, 2010
August 5, 2011
December 8, 2007
February 7, 2016
May 9, 2011
February 24, 2016
November 12, 2015
July 26, 2010
June 24, 2014
November 14, 2012
